model,config,gpu_compute_avg,gpu_memory_avg,memory_used_gb,throughput
Qwen3-0.6B,default,74.99002161335562,38.61613315013677,5.881357729506399,295.8356666666666
Qwen3-0.6B,offload,72.77870033232792,38.43865240641309,6.193868263577156,290.31444444444446
Qwen3-0.6B,lmcache,70.098575625833,36.86149379781326,6.533760770367702,275.093
Qwen3-8B,default,88.34704306200803,62.83184787311989,15.354372803335401,52.68988888888889
Qwen3-8B,offload,80.2807061572167,68.95184726725851,15.71229114388975,69.92322222222222
Qwen3-8B,lmcache,87.22879577929743,61.71367515381415,15.400362301496118,52.27155555555556
