model,config,config_full,max_output_tps,mean_output_tps,max_rps,mean_ttft,p50_ttft,p99_ttft,mean_tpot,p50_tpot,p99_tpot,mean_latency,total_completed,total_errored
Qwen3-0.6B,Offload,OffloadingConnector,4947.003973789261,2014.1420692128322,41.78173418509334,661.8365573237691,788.168478012085,0.0,12.819625745763735,13.71406194731945,0.0,2.382540336397818,0,0
Qwen3-0.6B,LMCache,LMCacheConnectorV1,4707.250493644434,1989.18901987723,41.983504434619405,693.7715543680144,842.7315950393677,0.0,14.875396916441087,15.951888767753061,0.0,2.5927244243791114,0,0
Qwen3-0.6B,Baseline,GPU Only,5031.2246359987985,2018.069376291928,41.913544925344944,640.7267878291233,767.4736976623535,0.0,12.791481670644423,13.682630306153783,0.0,2.3715969804462818,0,0
Qwen3-8B,Offload,OffloadingConnector,2424.6227753165604,505.326536553085,21.542287741582985,543.5840578541366,94.40343379974365,0.0,46.73302235257972,39.611584286518635,0.0,6.967794997958526,0,0
Qwen3-8B,LMCache,LMCacheConnectorV1,2406.5543782187733,489.426454711298,21.476390142662964,562.5279599554846,92.02930927276611,0.0,47.38892949669703,40.09518867402564,0.0,7.041555462669305,0,0
Qwen3-8B,Baseline,GPU Only,2406.81878406274,506.10455015732657,21.776042897142272,587.2379752507713,87.89055347442627,0.0,47.49111421808527,40.224377230094326,0.0,7.031186598681171,0,0
